{
  "0":"fab fa-500px",
  "1":"fab fa-accessible-icon",
  "2":"fab fa-accusoft",
  "3":"fab fa-acquisitions-incorporated",
  "4":"fas fa-ad",
  "5":"fas fa-address-book",
  "6":"far fa-address-book",
  "7":"fas fa-address-card",
  "8":"far fa-address-card",
  "9":"fas fa-adjust",
  "10":"fab fa-adn",
  "11":"fab fa-adobe",
  "12":"fab fa-adversal",
  "13":"fab fa-affiliatetheme",
  "14":"fas fa-air-freshener",
  "15":"fab fa-airbnb",
  "16":"fab fa-algolia",
  "17":"fas fa-align-center",
  "18":"fas fa-align-justify",
  "19":"fas fa-align-left",
  "20":"fas fa-align-right",
  "21":"fab fa-alipay",
  "22":"fas fa-allergies",
  "23":"fab fa-amazon",
  "24":"fab fa-amazon-pay",
  "25":"fas fa-ambulance",
  "26":"fas fa-american-sign-language-interpreting",
  "27":"fab fa-amilia",
  "28":"fas fa-anchor",
  "29":"fab fa-android",
  "30":"fab fa-angellist",
  "31":"fas fa-angle-double-down",
  "32":"fas fa-angle-double-left",
  "33":"fas fa-angle-double-right",
  "34":"fas fa-angle-double-up",
  "35":"fas fa-angle-down",
  "36":"fas fa-angle-left",
  "37":"fas fa-angle-right",
  "38":"fas fa-angle-up",
  "39":"fas fa-angry",
  "40":"far fa-angry",
  "41":"fab fa-angrycreative",
  "42":"fab fa-angular",
  "43":"fas fa-ankh",
  "44":"fab fa-app-store",
  "45":"fab fa-app-store-ios",
  "46":"fab fa-apper",
  "47":"fab fa-apple",
  "48":"fas fa-apple-alt",
  "49":"fab fa-apple-pay",
  "50":"fas fa-archive",
  "51":"fas fa-archway",
  "52":"fas fa-arrow-alt-circle-down",
  "53":"far fa-arrow-alt-circle-down",
  "54":"fas fa-arrow-alt-circle-left",
  "55":"far fa-arrow-alt-circle-left",
  "56":"fas fa-arrow-alt-circle-right",
  "57":"far fa-arrow-alt-circle-right",
  "58":"fas fa-arrow-alt-circle-up",
  "59":"far fa-arrow-alt-circle-up",
  "60":"fas fa-arrow-circle-down",
  "61":"fas fa-arrow-circle-left",
  "62":"fas fa-arrow-circle-right",
  "63":"fas fa-arrow-circle-up",
  "64":"fas fa-arrow-down",
  "65":"fas fa-arrow-left",
  "66":"fas fa-arrow-right",
  "67":"fas fa-arrow-up",
  "68":"fas fa-arrows-alt",
  "69":"fas fa-arrows-alt-h",
  "70":"fas fa-arrows-alt-v",
  "71":"fab fa-artstation",
  "72":"fas fa-assistive-listening-systems",
  "73":"fas fa-asterisk",
  "74":"fab fa-asymmetrik",
  "75":"fas fa-at",
  "76":"fas fa-atlas",
  "77":"fab fa-atlassian",
  "78":"fas fa-atom",
  "79":"fab fa-audible",
  "80":"fas fa-audio-description",
  "81":"fab fa-autoprefixer",
  "82":"fab fa-avianex",
  "83":"fab fa-aviato",
  "84":"fas fa-award",
  "85":"fab fa-aws",
  "86":"fas fa-baby",
  "87":"fas fa-baby-carriage",
  "88":"fas fa-backspace",
  "89":"fas fa-backward",
  "90":"fas fa-bacon",
  "91":"fas fa-balance-scale",
  "92":"fas fa-balance-scale-left",
  "93":"fas fa-balance-scale-right",
  "94":"fas fa-ban",
  "95":"fas fa-band-aid",
  "96":"fab fa-bandcamp",
  "97":"fas fa-barcode",
  "98":"fas fa-bars",
  "99":"fas fa-baseball-ball",
  "100":"fas fa-basketball-ball",
  "101":"fas fa-bath",
  "102":"fas fa-battery-empty",
  "103":"fas fa-battery-full",
  "104":"fas fa-battery-half",
  "105":"fas fa-battery-quarter",
  "106":"fas fa-battery-three-quarters",
  "107":"fab fa-battle-net",
  "108":"fas fa-bed",
  "109":"fas fa-beer",
  "110":"fab fa-behance",
  "111":"fab fa-behance-square",
  "112":"fas fa-bell",
  "113":"far fa-bell",
  "114":"fas fa-bell-slash",
  "115":"far fa-bell-slash",
  "116":"fas fa-bezier-curve",
  "117":"fas fa-bible",
  "118":"fas fa-bicycle",
  "119":"fas fa-biking",
  "120":"fab fa-bimobject",
  "121":"fas fa-binoculars",
  "122":"fas fa-biohazard",
  "123":"fas fa-birthday-cake",
  "124":"fab fa-bitbucket",
  "125":"fab fa-bitcoin",
  "126":"fab fa-bity",
  "127":"fab fa-black-tie",
  "128":"fab fa-blackberry",
  "129":"fas fa-blender",
  "130":"fas fa-blender-phone",
  "131":"fas fa-blind",
  "132":"fas fa-blog",
  "133":"fab fa-blogger",
  "134":"fab fa-blogger-b",
  "135":"fab fa-bluetooth",
  "136":"fab fa-bluetooth-b",
  "137":"fas fa-bold",
  "138":"fas fa-bolt",
  "139":"fas fa-bomb",
  "140":"fas fa-bone",
  "141":"fas fa-bong",
  "142":"fas fa-book",
  "143":"fas fa-book-dead",
  "144":"fas fa-book-medical",
  "145":"fas fa-book-open",
  "146":"fas fa-book-reader",
  "147":"fas fa-bookmark",
  "148":"far fa-bookmark",
  "149":"fab fa-bootstrap",
  "150":"fas fa-border-all",
  "151":"fas fa-border-none",
  "152":"fas fa-border-style",
  "153":"fas fa-bowling-ball",
  "154":"fas fa-box",
  "155":"fas fa-box-open",
  "156":"fas fa-boxes",
  "157":"fas fa-braille",
  "158":"fas fa-brain",
  "159":"fas fa-bread-slice",
  "160":"fas fa-briefcase",
  "161":"fas fa-briefcase-medical",
  "162":"fas fa-broadcast-tower",
  "163":"fas fa-broom",
  "164":"fas fa-brush",
  "165":"fab fa-btc",
  "166":"fab fa-buffer",
  "167":"fas fa-bug",
  "168":"fas fa-building",
  "169":"far fa-building",
  "170":"fas fa-bullhorn",
  "171":"fas fa-bullseye",
  "172":"fas fa-burn",
  "173":"fab fa-buromobelexperte",
  "174":"fas fa-bus",
  "175":"fas fa-bus-alt",
  "176":"fas fa-business-time",
  "177":"fab fa-buy-n-large",
  "178":"fab fa-buysellads",
  "179":"fas fa-calculator",
  "180":"fas fa-calendar",
  "181":"far fa-calendar",
  "182":"fas fa-calendar-alt",
  "183":"far fa-calendar-alt",
  "184":"fas fa-calendar-check",
  "185":"far fa-calendar-check",
  "186":"fas fa-calendar-day",
  "187":"fas fa-calendar-minus",
  "188":"far fa-calendar-minus",
  "189":"fas fa-calendar-plus",
  "190":"far fa-calendar-plus",
  "191":"fas fa-calendar-times",
  "192":"far fa-calendar-times",
  "193":"fas fa-calendar-week",
  "194":"fas fa-camera",
  "195":"fas fa-camera-retro",
  "196":"fas fa-campground",
  "197":"fab fa-canadian-maple-leaf",
  "198":"fas fa-candy-cane",
  "199":"fas fa-cannabis",
  "200":"fas fa-capsules",
  "201":"fas fa-car",
  "202":"fas fa-car-alt",
  "203":"fas fa-car-battery",
  "204":"fas fa-car-crash",
  "205":"fas fa-car-side",
  "206":"fas fa-caret-down",
  "207":"fas fa-caret-left",
  "208":"fas fa-caret-right",
  "209":"fas fa-caret-square-down",
  "210":"far fa-caret-square-down",
  "211":"fas fa-caret-square-left",
  "212":"far fa-caret-square-left",
  "213":"fas fa-caret-square-right",
  "214":"far fa-caret-square-right",
  "215":"fas fa-caret-square-up",
  "216":"far fa-caret-square-up",
  "217":"fas fa-caret-up",
  "218":"fas fa-carrot",
  "219":"fas fa-cart-arrow-down",
  "220":"fas fa-cart-plus",
  "221":"fas fa-cash-register",
  "222":"fas fa-cat",
  "223":"fab fa-cc-amazon-pay",
  "224":"fab fa-cc-amex",
  "225":"fab fa-cc-apple-pay",
  "226":"fab fa-cc-diners-club",
  "227":"fab fa-cc-discover",
  "228":"fab fa-cc-jcb",
  "229":"fab fa-cc-mastercard",
  "230":"fab fa-cc-paypal",
  "231":"fab fa-cc-stripe",
  "232":"fab fa-cc-visa",
  "233":"fab fa-centercode",
  "234":"fab fa-centos",
  "235":"fas fa-certificate",
  "236":"fas fa-chair",
  "237":"fas fa-chalkboard",
  "238":"fas fa-chalkboard-teacher",
  "239":"fas fa-charging-station",
  "240":"fas fa-chart-area",
  "241":"fas fa-chart-bar",
  "242":"far fa-chart-bar",
  "243":"fas fa-chart-line",
  "244":"fas fa-chart-pie",
  "245":"fas fa-check",
  "246":"fas fa-check-circle",
  "247":"far fa-check-circle",
  "248":"fas fa-check-double",
  "249":"fas fa-check-square",
  "250":"far fa-check-square",
  "251":"fas fa-cheese",
  "252":"fas fa-chess",
  "253":"fas fa-chess-bishop",
  "254":"fas fa-chess-board",
  "255":"fas fa-chess-king",
  "256":"fas fa-chess-knight",
  "257":"fas fa-chess-pawn",
  "258":"fas fa-chess-queen",
  "259":"fas fa-chess-rook",
  "260":"fas fa-chevron-circle-down",
  "261":"fas fa-chevron-circle-left",
  "262":"fas fa-chevron-circle-right",
  "263":"fas fa-chevron-circle-up",
  "264":"fas fa-chevron-down",
  "265":"fas fa-chevron-left",
  "266":"fas fa-chevron-right",
  "267":"fas fa-chevron-up",
  "268":"fas fa-child",
  "269":"fab fa-chrome",
  "270":"fab fa-chromecast",
  "271":"fas fa-church",
  "272":"fas fa-circle",
  "273":"far fa-circle",
  "274":"fas fa-circle-notch",
  "275":"fas fa-city",
  "276":"fas fa-clinic-medical",
  "277":"fas fa-clipboard",
  "278":"far fa-clipboard",
  "279":"fas fa-clipboard-check",
  "280":"fas fa-clipboard-list",
  "281":"fas fa-clock",
  "282":"far fa-clock",
  "283":"fas fa-clone",
  "284":"far fa-clone",
  "285":"fas fa-closed-captioning",
  "286":"far fa-closed-captioning",
  "287":"fas fa-cloud",
  "288":"fas fa-cloud-download-alt",
  "289":"fas fa-cloud-meatball",
  "290":"fas fa-cloud-moon",
  "291":"fas fa-cloud-moon-rain",
  "292":"fas fa-cloud-rain",
  "293":"fas fa-cloud-showers-heavy",
  "294":"fas fa-cloud-sun",
  "295":"fas fa-cloud-sun-rain",
  "296":"fas fa-cloud-upload-alt",
  "297":"fab fa-cloudscale",
  "298":"fab fa-cloudsmith",
  "299":"fab fa-cloudversify",
  "300":"fas fa-cocktail",
  "301":"fas fa-code",
  "302":"fas fa-code-branch",
  "303":"fab fa-codepen",
  "304":"fab fa-codiepie",
  "305":"fas fa-coffee",
  "306":"fas fa-cog",
  "307":"fas fa-cogs",
  "308":"fas fa-coins",
  "309":"fas fa-columns",
  "310":"fas fa-comment",
  "311":"far fa-comment",
  "312":"fas fa-comment-alt",
  "313":"far fa-comment-alt",
  "314":"fas fa-comment-dollar",
  "315":"fas fa-comment-dots",
  "316":"far fa-comment-dots",
  "317":"fas fa-comment-medical",
  "318":"fas fa-comment-slash",
  "319":"fas fa-comments",
  "320":"far fa-comments",
  "321":"fas fa-comments-dollar",
  "322":"fas fa-compact-disc",
  "323":"fas fa-compass",
  "324":"far fa-compass",
  "325":"fas fa-compress",
  "326":"fas fa-compress-arrows-alt",
  "327":"fas fa-concierge-bell",
  "328":"fab fa-confluence",
  "329":"fab fa-connectdevelop",
  "330":"fab fa-contao",
  "331":"fas fa-cookie",
  "332":"fas fa-cookie-bite",
  "333":"fas fa-copy",
  "334":"far fa-copy",
  "335":"fas fa-copyright",
  "336":"far fa-copyright",
  "337":"fab fa-cotton-bureau",
  "338":"fas fa-couch",
  "339":"fab fa-cpanel",
  "340":"fab fa-creative-commons",
  "341":"fab fa-creative-commons-by",
  "342":"fab fa-creative-commons-nc",
  "343":"fab fa-creative-commons-nc-eu",
  "344":"fab fa-creative-commons-nc-jp",
  "345":"fab fa-creative-commons-nd",
  "346":"fab fa-creative-commons-pd",
  "347":"fab fa-creative-commons-pd-alt",
  "348":"fab fa-creative-commons-remix",
  "349":"fab fa-creative-commons-sa",
  "350":"fab fa-creative-commons-sampling",
  "351":"fab fa-creative-commons-sampling-plus",
  "352":"fab fa-creative-commons-share",
  "353":"fab fa-creative-commons-zero",
  "354":"fas fa-credit-card",
  "355":"far fa-credit-card",
  "356":"fab fa-critical-role",
  "357":"fas fa-crop",
  "358":"fas fa-crop-alt",
  "359":"fas fa-cross",
  "360":"fas fa-crosshairs",
  "361":"fas fa-crow",
  "362":"fas fa-crown",
  "363":"fas fa-crutch",
  "364":"fab fa-css3",
  "365":"fab fa-css3-alt",
  "366":"fas fa-cube",
  "367":"fas fa-cubes",
  "368":"fas fa-cut",
  "369":"fab fa-cuttlefish",
  "370":"fab fa-d-and-d",
  "371":"fab fa-d-and-d-beyond",
  "372":"fab fa-dashcube",
  "373":"fas fa-database",
  "374":"fas fa-deaf",
  "375":"fab fa-delicious",
  "376":"fas fa-democrat",
  "377":"fab fa-deploydog",
  "378":"fab fa-deskpro",
  "379":"fas fa-desktop",
  "380":"fab fa-dev",
  "381":"fab fa-deviantart",
  "382":"fas fa-dharmachakra",
  "383":"fab fa-dhl",
  "384":"fas fa-diagnoses",
  "385":"fab fa-diaspora",
  "386":"fas fa-dice",
  "387":"fas fa-dice-d20",
  "388":"fas fa-dice-d6",
  "389":"fas fa-dice-five",
  "390":"fas fa-dice-four",
  "391":"fas fa-dice-one",
  "392":"fas fa-dice-six",
  "393":"fas fa-dice-three",
  "394":"fas fa-dice-two",
  "395":"fab fa-digg",
  "396":"fab fa-digital-ocean",
  "397":"fas fa-digital-tachograph",
  "398":"fas fa-directions",
  "399":"fab fa-discord",
  "400":"fab fa-discourse",
  "401":"fas fa-divide",
  "402":"fas fa-dizzy",
  "403":"far fa-dizzy",
  "404":"fas fa-dna",
  "405":"fab fa-dochub",
  "406":"fab fa-docker",
  "407":"fas fa-dog",
  "408":"fas fa-dollar-sign",
  "409":"fas fa-dolly",
  "410":"fas fa-dolly-flatbed",
  "411":"fas fa-donate",
  "412":"fas fa-door-closed",
  "413":"fas fa-door-open",
  "414":"fas fa-dot-circle",
  "415":"far fa-dot-circle",
  "416":"fas fa-dove",
  "417":"fas fa-download",
  "418":"fab fa-draft2digital",
  "419":"fas fa-drafting-compass",
  "420":"fas fa-dragon",
  "421":"fas fa-draw-polygon",
  "422":"fab fa-dribbble",
  "423":"fab fa-dribbble-square",
  "424":"fab fa-dropbox",
  "425":"fas fa-drum",
  "426":"fas fa-drum-steelpan",
  "427":"fas fa-drumstick-bite",
  "428":"fab fa-drupal",
  "429":"fas fa-dumbbell",
  "430":"fas fa-dumpster",
  "431":"fas fa-dumpster-fire",
  "432":"fas fa-dungeon",
  "433":"fab fa-dyalog",
  "434":"fab fa-earlybirds",
  "435":"fab fa-ebay",
  "436":"fab fa-edge",
  "437":"fas fa-edit",
  "438":"far fa-edit",
  "439":"fas fa-egg",
  "440":"fas fa-eject",
  "441":"fab fa-elementor",
  "442":"fas fa-ellipsis-h",
  "443":"fas fa-ellipsis-v",
  "444":"fab fa-ello",
  "445":"fab fa-ember",
  "446":"fab fa-empire",
  "447":"fas fa-envelope",
  "448":"far fa-envelope",
  "449":"fas fa-envelope-open",
  "450":"far fa-envelope-open",
  "451":"fas fa-envelope-open-text",
  "452":"fas fa-envelope-square",
  "453":"fab fa-envira",
  "454":"fas fa-equals",
  "455":"fas fa-eraser",
  "456":"fab fa-erlang",
  "457":"fab fa-ethereum",
  "458":"fas fa-ethernet",
  "459":"fab fa-etsy",
  "460":"fas fa-euro-sign",
  "461":"fab fa-evernote",
  "462":"fas fa-exchange-alt",
  "463":"fas fa-exclamation",
  "464":"fas fa-exclamation-circle",
  "465":"fas fa-exclamation-triangle",
  "466":"fas fa-expand",
  "467":"fas fa-expand-arrows-alt",
  "468":"fab fa-expeditedssl",
  "469":"fas fa-external-link-alt",
  "470":"fas fa-external-link-square-alt",
  "471":"fas fa-eye",
  "472":"far fa-eye",
  "473":"fas fa-eye-dropper",
  "474":"fas fa-eye-slash",
  "475":"far fa-eye-slash",
  "476":"fab fa-facebook",
  "477":"fab fa-facebook-f",
  "478":"fab fa-facebook-messenger",
  "479":"fab fa-facebook-square",
  "480":"fas fa-fan",
  "481":"fab fa-fantasy-flight-games",
  "482":"fas fa-fast-backward",
  "483":"fas fa-fast-forward",
  "484":"fas fa-fax",
  "485":"fas fa-feather",
  "486":"fas fa-feather-alt",
  "487":"fab fa-fedex",
  "488":"fab fa-fedora",
  "489":"fas fa-female",
  "490":"fas fa-fighter-jet",
  "491":"fab fa-figma",
  "492":"fas fa-file",
  "493":"far fa-file",
  "494":"fas fa-file-alt",
  "495":"far fa-file-alt",
  "496":"fas fa-file-archive",
  "497":"far fa-file-archive",
  "498":"fas fa-file-audio",
  "499":"far fa-file-audio",
  "500":"fas fa-file-code",
  "501":"far fa-file-code",
  "502":"fas fa-file-contract",
  "503":"fas fa-file-csv",
  "504":"fas fa-file-download",
  "505":"fas fa-file-excel",
  "506":"far fa-file-excel",
  "507":"fas fa-file-export",
  "508":"fas fa-file-image",
  "509":"far fa-file-image",
  "510":"fas fa-file-import",
  "511":"fas fa-file-invoice",
  "512":"fas fa-file-invoice-dollar",
  "513":"fas fa-file-medical",
  "514":"fas fa-file-medical-alt",
  "515":"fas fa-file-pdf",
  "516":"far fa-file-pdf",
  "517":"fas fa-file-powerpoint",
  "518":"far fa-file-powerpoint",
  "519":"fas fa-file-prescription",
  "520":"fas fa-file-signature",
  "521":"fas fa-file-upload",
  "522":"fas fa-file-video",
  "523":"far fa-file-video",
  "524":"fas fa-file-word",
  "525":"far fa-file-word",
  "526":"fas fa-fill",
  "527":"fas fa-fill-drip",
  "528":"fas fa-film",
  "529":"fas fa-filter",
  "530":"fas fa-fingerprint",
  "531":"fas fa-fire",
  "532":"fas fa-fire-alt",
  "533":"fas fa-fire-extinguisher",
  "534":"fab fa-firefox",
  "535":"fas fa-first-aid",
  "536":"fab fa-first-order",
  "537":"fab fa-first-order-alt",
  "538":"fab fa-firstdraft",
  "539":"fas fa-fish",
  "540":"fas fa-fist-raised",
  "541":"fas fa-flag",
  "542":"far fa-flag",
  "543":"fas fa-flag-checkered",
  "544":"fas fa-flag-usa",
  "545":"fas fa-flask",
  "546":"fab fa-flickr",
  "547":"fab fa-flipboard",
  "548":"fas fa-flushed",
  "549":"far fa-flushed",
  "550":"fab fa-fly",
  "551":"fas fa-folder",
  "552":"far fa-folder",
  "553":"fas fa-folder-minus",
  "554":"fas fa-folder-open",
  "555":"far fa-folder-open",
  "556":"fas fa-folder-plus",
  "557":"fas fa-font",
  "558":"fab fa-font-awesome",
  "559":"fab fa-font-awesome-alt",
  "560":"fab fa-font-awesome-flag",
  "561":"fab fa-fonticons",
  "562":"fab fa-fonticons-fi",
  "563":"fas fa-football-ball",
  "564":"fab fa-fort-awesome",
  "565":"fab fa-fort-awesome-alt",
  "566":"fab fa-forumbee",
  "567":"fas fa-forward",
  "568":"fab fa-foursquare",
  "569":"fab fa-free-code-camp",
  "570":"fab fa-freebsd",
  "571":"fas fa-frog",
  "572":"fas fa-frown",
  "573":"far fa-frown",
  "574":"fas fa-frown-open",
  "575":"far fa-frown-open",
  "576":"fab fa-fulcrum",
  "577":"fas fa-funnel-dollar",
  "578":"fas fa-futbol",
  "579":"far fa-futbol",
  "580":"fab fa-galactic-republic",
  "581":"fab fa-galactic-senate",
  "582":"fas fa-gamepad",
  "583":"fas fa-gas-pump",
  "584":"fas fa-gavel",
  "585":"fas fa-gem",
  "586":"far fa-gem",
  "587":"fas fa-genderless",
  "588":"fab fa-get-pocket",
  "589":"fab fa-gg",
  "590":"fab fa-gg-circle",
  "591":"fas fa-ghost",
  "592":"fas fa-gift",
  "593":"fas fa-gifts",
  "594":"fab fa-git",
  "595":"fab fa-git-alt",
  "596":"fab fa-git-square",
  "597":"fab fa-github",
  "598":"fab fa-github-alt",
  "599":"fab fa-github-square",
  "600":"fab fa-gitkraken",
  "601":"fab fa-gitlab",
  "602":"fab fa-gitter",
  "603":"fas fa-glass-cheers",
  "604":"fas fa-glass-martini",
  "605":"fas fa-glass-martini-alt",
  "606":"fas fa-glass-whiskey",
  "607":"fas fa-glasses",
  "608":"fab fa-glide",
  "609":"fab fa-glide-g",
  "610":"fas fa-globe",
  "611":"fas fa-globe-africa",
  "612":"fas fa-globe-americas",
  "613":"fas fa-globe-asia",
  "614":"fas fa-globe-europe",
  "615":"fab fa-gofore",
  "616":"fas fa-golf-ball",
  "617":"fab fa-goodreads",
  "618":"fab fa-goodreads-g",
  "619":"fab fa-google",
  "620":"fab fa-google-drive",
  "621":"fab fa-google-play",
  "622":"fab fa-google-plus",
  "623":"fab fa-google-plus-g",
  "624":"fab fa-google-plus-square",
  "625":"fab fa-google-wallet",
  "626":"fas fa-gopuram",
  "627":"fas fa-graduation-cap",
  "628":"fab fa-gratipay",
  "629":"fab fa-grav",
  "630":"fas fa-greater-than",
  "631":"fas fa-greater-than-equal",
  "632":"fas fa-grimace",
  "633":"far fa-grimace",
  "634":"fas fa-grin",
  "635":"far fa-grin",
  "636":"fas fa-grin-alt",
  "637":"far fa-grin-alt",
  "638":"fas fa-grin-beam",
  "639":"far fa-grin-beam",
  "640":"fas fa-grin-beam-sweat",
  "641":"far fa-grin-beam-sweat",
  "642":"fas fa-grin-hearts",
  "643":"far fa-grin-hearts",
  "644":"fas fa-grin-squint",
  "645":"far fa-grin-squint",
  "646":"fas fa-grin-squint-tears",
  "647":"far fa-grin-squint-tears",
  "648":"fas fa-grin-stars",
  "649":"far fa-grin-stars",
  "650":"fas fa-grin-tears",
  "651":"far fa-grin-tears",
  "652":"fas fa-grin-tongue",
  "653":"far fa-grin-tongue",
  "654":"fas fa-grin-tongue-squint",
  "655":"far fa-grin-tongue-squint",
  "656":"fas fa-grin-tongue-wink",
  "657":"far fa-grin-tongue-wink",
  "658":"fas fa-grin-wink",
  "659":"far fa-grin-wink",
  "660":"fas fa-grip-horizontal",
  "661":"fas fa-grip-lines",
  "662":"fas fa-grip-lines-vertical",
  "663":"fas fa-grip-vertical",
  "664":"fab fa-gripfire",
  "665":"fab fa-grunt",
  "666":"fas fa-guitar",
  "667":"fab fa-gulp",
  "668":"fas fa-h-square",
  "669":"fab fa-hacker-news",
  "670":"fab fa-hacker-news-square",
  "671":"fab fa-hackerrank",
  "672":"fas fa-hamburger",
  "673":"fas fa-hammer",
  "674":"fas fa-hamsa",
  "675":"fas fa-hand-holding",
  "676":"fas fa-hand-holding-heart",
  "677":"fas fa-hand-holding-usd",
  "678":"fas fa-hand-lizard",
  "679":"far fa-hand-lizard",
  "680":"fas fa-hand-middle-finger",
  "681":"fas fa-hand-paper",
  "682":"far fa-hand-paper",
  "683":"fas fa-hand-peace",
  "684":"far fa-hand-peace",
  "685":"fas fa-hand-point-down",
  "686":"far fa-hand-point-down",
  "687":"fas fa-hand-point-left",
  "688":"far fa-hand-point-left",
  "689":"fas fa-hand-point-right",
  "690":"far fa-hand-point-right",
  "691":"fas fa-hand-point-up",
  "692":"far fa-hand-point-up",
  "693":"fas fa-hand-pointer",
  "694":"far fa-hand-pointer",
  "695":"fas fa-hand-rock",
  "696":"far fa-hand-rock",
  "697":"fas fa-hand-scissors",
  "698":"far fa-hand-scissors",
  "699":"fas fa-hand-spock",
  "700":"far fa-hand-spock",
  "701":"fas fa-hands",
  "702":"fas fa-hands-helping",
  "703":"fas fa-handshake",
  "704":"far fa-handshake",
  "705":"fas fa-hanukiah",
  "706":"fas fa-hard-hat",
  "707":"fas fa-hashtag",
  "708":"fas fa-hat-cowboy",
  "709":"fas fa-hat-cowboy-side",
  "710":"fas fa-hat-wizard",
  "711":"fas fa-haykal",
  "712":"fas fa-hdd",
  "713":"far fa-hdd",
  "714":"fas fa-heading",
  "715":"fas fa-headphones",
  "716":"fas fa-headphones-alt",
  "717":"fas fa-headset",
  "718":"fas fa-heart",
  "719":"far fa-heart",
  "720":"fas fa-heart-broken",
  "721":"fas fa-heartbeat",
  "722":"fas fa-helicopter",
  "723":"fas fa-highlighter",
  "724":"fas fa-hiking",
  "725":"fas fa-hippo",
  "726":"fab fa-hips",
  "727":"fab fa-hire-a-helper",
  "728":"fas fa-history",
  "729":"fas fa-hockey-puck",
  "730":"fas fa-holly-berry",
  "731":"fas fa-home",
  "732":"fab fa-hooli",
  "733":"fab fa-hornbill",
  "734":"fas fa-horse",
  "735":"fas fa-horse-head",
  "736":"fas fa-hospital",
  "737":"far fa-hospital",
  "738":"fas fa-hospital-alt",
  "739":"fas fa-hospital-symbol",
  "740":"fas fa-hot-tub",
  "741":"fas fa-hotdog",
  "742":"fas fa-hotel",
  "743":"fab fa-hotjar",
  "744":"fas fa-hourglass",
  "745":"far fa-hourglass",
  "746":"fas fa-hourglass-end",
  "747":"fas fa-hourglass-half",
  "748":"fas fa-hourglass-start",
  "749":"fas fa-house-damage",
  "750":"fab fa-houzz",
  "751":"fas fa-hryvnia",
  "752":"fab fa-html5",
  "753":"fab fa-hubspot",
  "754":"fas fa-i-cursor",
  "755":"fas fa-ice-cream",
  "756":"fas fa-icicles",
  "757":"fas fa-icons",
  "758":"fas fa-id-badge",
  "759":"far fa-id-badge",
  "760":"fas fa-id-card",
  "761":"far fa-id-card",
  "762":"fas fa-id-card-alt",
  "763":"fas fa-igloo",
  "764":"fas fa-image",
  "765":"far fa-image",
  "766":"fas fa-images",
  "767":"far fa-images",
  "768":"fab fa-imdb",
  "769":"fas fa-inbox",
  "770":"fas fa-indent",
  "771":"fas fa-industry",
  "772":"fas fa-infinity",
  "773":"fas fa-info",
  "774":"fas fa-info-circle",
  "775":"fab fa-instagram",
  "776":"fab fa-intercom",
  "777":"fab fa-internet-explorer",
  "778":"fab fa-invision",
  "779":"fab fa-ioxhost",
  "780":"fas fa-italic",
  "781":"fab fa-itch-io",
  "782":"fab fa-itunes",
  "783":"fab fa-itunes-note",
  "784":"fab fa-java",
  "785":"fas fa-jedi",
  "786":"fab fa-jedi-order",
  "787":"fab fa-jenkins",
  "788":"fab fa-jira",
  "789":"fab fa-joget",
  "790":"fas fa-joint",
  "791":"fab fa-joomla",
  "792":"fas fa-journal-whills",
  "793":"fab fa-js",
  "794":"fab fa-js-square",
  "795":"fab fa-jsfiddle",
  "796":"fas fa-kaaba",
  "797":"fab fa-kaggle",
  "798":"fas fa-key",
  "799":"fab fa-keybase",
  "800":"fas fa-keyboard",
  "801":"far fa-keyboard",
  "802":"fab fa-keycdn",
  "803":"fas fa-khanda",
  "804":"fab fa-kickstarter",
  "805":"fab fa-kickstarter-k",
  "806":"fas fa-kiss",
  "807":"far fa-kiss",
  "808":"fas fa-kiss-beam",
  "809":"far fa-kiss-beam",
  "810":"fas fa-kiss-wink-heart",
  "811":"far fa-kiss-wink-heart",
  "812":"fas fa-kiwi-bird",
  "813":"fab fa-korvue",
  "814":"fas fa-landmark",
  "815":"fas fa-language",
  "816":"fas fa-laptop",
  "817":"fas fa-laptop-code",
  "818":"fas fa-laptop-medical",
  "819":"fab fa-laravel",
  "820":"fab fa-lastfm",
  "821":"fab fa-lastfm-square",
  "822":"fas fa-laugh",
  "823":"far fa-laugh",
  "824":"fas fa-laugh-beam",
  "825":"far fa-laugh-beam",
  "826":"fas fa-laugh-squint",
  "827":"far fa-laugh-squint",
  "828":"fas fa-laugh-wink",
  "829":"far fa-laugh-wink",
  "830":"fas fa-layer-group",
  "831":"fas fa-leaf",
  "832":"fab fa-leanpub",
  "833":"fas fa-lemon",
  "834":"far fa-lemon",
  "835":"fab fa-less",
  "836":"fas fa-less-than",
  "837":"fas fa-less-than-equal",
  "838":"fas fa-level-down-alt",
  "839":"fas fa-level-up-alt",
  "840":"fas fa-life-ring",
  "841":"far fa-life-ring",
  "842":"fas fa-lightbulb",
  "843":"far fa-lightbulb",
  "844":"fab fa-line",
  "845":"fas fa-link",
  "846":"fab fa-linkedin",
  "847":"fab fa-linkedin-in",
  "848":"fab fa-linode",
  "849":"fab fa-linux",
  "850":"fas fa-lira-sign",
  "851":"fas fa-list",
  "852":"fas fa-list-alt",
  "853":"far fa-list-alt",
  "854":"fas fa-list-ol",
  "855":"fas fa-list-ul",
  "856":"fas fa-location-arrow",
  "857":"fas fa-lock",
  "858":"fas fa-lock-open",
  "859":"fas fa-long-arrow-alt-down",
  "860":"fas fa-long-arrow-alt-left",
  "861":"fas fa-long-arrow-alt-right",
  "862":"fas fa-long-arrow-alt-up",
  "863":"fas fa-low-vision",
  "864":"fas fa-luggage-cart",
  "865":"fab fa-lyft",
  "866":"fab fa-magento",
  "867":"fas fa-magic",
  "868":"fas fa-magnet",
  "869":"fas fa-mail-bulk",
  "870":"fab fa-mailchimp",
  "871":"fas fa-male",
  "872":"fab fa-mandalorian",
  "873":"fas fa-map",
  "874":"far fa-map",
  "875":"fas fa-map-marked",
  "876":"fas fa-map-marked-alt",
  "877":"fas fa-map-marker",
  "878":"fas fa-map-marker-alt",
  "879":"fas fa-map-pin",
  "880":"fas fa-map-signs",
  "881":"fab fa-markdown",
  "882":"fas fa-marker",
  "883":"fas fa-mars",
  "884":"fas fa-mars-double",
  "885":"fas fa-mars-stroke",
  "886":"fas fa-mars-stroke-h",
  "887":"fas fa-mars-stroke-v",
  "888":"fas fa-mask",
  "889":"fab fa-mastodon",
  "890":"fab fa-maxcdn",
  "891":"fab fa-mdb",
  "892":"fas fa-medal",
  "893":"fab fa-medapps",
  "894":"fab fa-medium",
  "895":"fab fa-medium-m",
  "896":"fas fa-medkit",
  "897":"fab fa-medrt",
  "898":"fab fa-meetup",
  "899":"fab fa-megaport",
  "900":"fas fa-meh",
  "901":"far fa-meh",
  "902":"fas fa-meh-blank",
  "903":"far fa-meh-blank",
  "904":"fas fa-meh-rolling-eyes",
  "905":"far fa-meh-rolling-eyes",
  "906":"fas fa-memory",
  "907":"fab fa-mendeley",
  "908":"fas fa-menorah",
  "909":"fas fa-mercury",
  "910":"fas fa-meteor",
  "911":"fas fa-microchip",
  "912":"fas fa-microphone",
  "913":"fas fa-microphone-alt",
  "914":"fas fa-microphone-alt-slash",
  "915":"fas fa-microphone-slash",
  "916":"fas fa-microscope",
  "917":"fab fa-microsoft",
  "918":"fas fa-minus",
  "919":"fas fa-minus-circle",
  "920":"fas fa-minus-square",
  "921":"far fa-minus-square",
  "922":"fas fa-mitten",
  "923":"fab fa-mix",
  "924":"fab fa-mixcloud",
  "925":"fab fa-mizuni",
  "926":"fas fa-mobile",
  "927":"fas fa-mobile-alt",
  "928":"fab fa-modx",
  "929":"fab fa-monero",
  "930":"fas fa-money-bill",
  "931":"fas fa-money-bill-alt",
  "932":"far fa-money-bill-alt",
  "933":"fas fa-money-bill-wave",
  "934":"fas fa-money-bill-wave-alt",
  "935":"fas fa-money-check",
  "936":"fas fa-money-check-alt",
  "937":"fas fa-monument",
  "938":"fas fa-moon",
  "939":"far fa-moon",
  "940":"fas fa-mortar-pestle",
  "941":"fas fa-mosque",
  "942":"fas fa-motorcycle",
  "943":"fas fa-mountain",
  "944":"fas fa-mouse",
  "945":"fas fa-mouse-pointer",
  "946":"fas fa-mug-hot",
  "947":"fas fa-music",
  "948":"fab fa-napster",
  "949":"fab fa-neos",
  "950":"fas fa-network-wired",
  "951":"fas fa-neuter",
  "952":"fas fa-newspaper",
  "953":"far fa-newspaper",
  "954":"fab fa-nimblr",
  "955":"fab fa-node",
  "956":"fab fa-node-js",
  "957":"fas fa-not-equal",
  "958":"fas fa-notes-medical",
  "959":"fab fa-npm",
  "960":"fab fa-ns8",
  "961":"fab fa-nutritionix",
  "962":"fas fa-object-group",
  "963":"far fa-object-group",
  "964":"fas fa-object-ungroup",
  "965":"far fa-object-ungroup",
  "966":"fab fa-odnoklassniki",
  "967":"fab fa-odnoklassniki-square",
  "968":"fas fa-oil-can",
  "969":"fab fa-old-republic",
  "970":"fas fa-om",
  "971":"fab fa-opencart",
  "972":"fab fa-openid",
  "973":"fab fa-opera",
  "974":"fab fa-optin-monster",
  "975":"fab fa-orcid",
  "976":"fab fa-osi",
  "977":"fas fa-otter",
  "978":"fas fa-outdent",
  "979":"fab fa-page4",
  "980":"fab fa-pagelines",
  "981":"fas fa-pager",
  "982":"fas fa-paint-brush",
  "983":"fas fa-paint-roller",
  "984":"fas fa-palette",
  "985":"fab fa-palfed",
  "986":"fas fa-pallet",
  "987":"fas fa-paper-plane",
  "988":"far fa-paper-plane",
  "989":"fas fa-paperclip",
  "990":"fas fa-parachute-box",
  "991":"fas fa-paragraph",
  "992":"fas fa-parking",
  "993":"fas fa-passport",
  "994":"fas fa-pastafarianism",
  "995":"fas fa-paste",
  "996":"fab fa-patreon",
  "997":"fas fa-pause",
  "998":"fas fa-pause-circle",
  "999":"far fa-pause-circle",
  "1000":"fas fa-paw",
  "1001":"fab fa-paypal",
  "1002":"fas fa-peace",
  "1003":"fas fa-pen",
  "1004":"fas fa-pen-alt",
  "1005":"fas fa-pen-fancy",
  "1006":"fas fa-pen-nib",
  "1007":"fas fa-pen-square",
  "1008":"fas fa-pencil-alt",
  "1009":"fas fa-pencil-ruler",
  "1010":"fab fa-penny-arcade",
  "1011":"fas fa-people-carry",
  "1012":"fas fa-pepper-hot",
  "1013":"fas fa-percent",
  "1014":"fas fa-percentage",
  "1015":"fab fa-periscope",
  "1016":"fas fa-person-booth",
  "1017":"fab fa-phabricator",
  "1018":"fab fa-phoenix-framework",
  "1019":"fab fa-phoenix-squadron",
  "1020":"fas fa-phone",
  "1021":"fas fa-phone-alt",
  "1022":"fas fa-phone-slash",
  "1023":"fas fa-phone-square",
  "1024":"fas fa-phone-square-alt",
  "1025":"fas fa-phone-volume",
  "1026":"fas fa-photo-video",
  "1027":"fab fa-php",
  "1028":"fab fa-pied-piper",
  "1029":"fab fa-pied-piper-alt",
  "1030":"fab fa-pied-piper-hat",
  "1031":"fab fa-pied-piper-pp",
  "1032":"fas fa-piggy-bank",
  "1033":"fas fa-pills",
  "1034":"fab fa-pinterest",
  "1035":"fab fa-pinterest-p",
  "1036":"fab fa-pinterest-square",
  "1037":"fas fa-pizza-slice",
  "1038":"fas fa-place-of-worship",
  "1039":"fas fa-plane",
  "1040":"fas fa-plane-arrival",
  "1041":"fas fa-plane-departure",
  "1042":"fas fa-play",
  "1043":"fas fa-play-circle",
  "1044":"far fa-play-circle",
  "1045":"fab fa-playstation",
  "1046":"fas fa-plug",
  "1047":"fas fa-plus",
  "1048":"fas fa-plus-circle",
  "1049":"fas fa-plus-square",
  "1050":"far fa-plus-square",
  "1051":"fas fa-podcast",
  "1052":"fas fa-poll",
  "1053":"fas fa-poll-h",
  "1054":"fas fa-poo",
  "1055":"fas fa-poo-storm",
  "1056":"fas fa-poop",
  "1057":"fas fa-portrait",
  "1058":"fas fa-pound-sign",
  "1059":"fas fa-power-off",
  "1060":"fas fa-pray",
  "1061":"fas fa-praying-hands",
  "1062":"fas fa-prescription",
  "1063":"fas fa-prescription-bottle",
  "1064":"fas fa-prescription-bottle-alt",
  "1065":"fas fa-print",
  "1066":"fas fa-procedures",
  "1067":"fab fa-product-hunt",
  "1068":"fas fa-project-diagram",
  "1069":"fab fa-pushed",
  "1070":"fas fa-puzzle-piece",
  "1071":"fab fa-python",
  "1072":"fab fa-qq",
  "1073":"fas fa-qrcode",
  "1074":"fas fa-question",
  "1075":"fas fa-question-circle",
  "1076":"far fa-question-circle",
  "1077":"fas fa-quidditch",
  "1078":"fab fa-quinscape",
  "1079":"fab fa-quora",
  "1080":"fas fa-quote-left",
  "1081":"fas fa-quote-right",
  "1082":"fas fa-quran",
  "1083":"fab fa-r-project",
  "1084":"fas fa-radiation",
  "1085":"fas fa-radiation-alt",
  "1086":"fas fa-rainbow",
  "1087":"fas fa-random",
  "1088":"fab fa-raspberry-pi",
  "1089":"fab fa-ravelry",
  "1090":"fab fa-react",
  "1091":"fab fa-reacteurope",
  "1092":"fab fa-readme",
  "1093":"fab fa-rebel",
  "1094":"fas fa-receipt",
  "1095":"fas fa-record-vinyl",
  "1096":"fas fa-recycle",
  "1097":"fab fa-red-river",
  "1098":"fab fa-reddit",
  "1099":"fab fa-reddit-alien",
  "1100":"fab fa-reddit-square",
  "1101":"fab fa-redhat",
  "1102":"fas fa-redo",
  "1103":"fas fa-redo-alt",
  "1104":"fas fa-registered",
  "1105":"far fa-registered",
  "1106":"fas fa-remove-format",
  "1107":"fab fa-renren",
  "1108":"fas fa-reply",
  "1109":"fas fa-reply-all",
  "1110":"fab fa-replyd",
  "1111":"fas fa-republican",
  "1112":"fab fa-researchgate",
  "1113":"fab fa-resolving",
  "1114":"fas fa-restroom",
  "1115":"fas fa-retweet",
  "1116":"fab fa-rev",
  "1117":"fas fa-ribbon",
  "1118":"fas fa-ring",
  "1119":"fas fa-road",
  "1120":"fas fa-robot",
  "1121":"fas fa-rocket",
  "1122":"fab fa-rocketchat",
  "1123":"fab fa-rockrms",
  "1124":"fas fa-route",
  "1125":"fas fa-rss",
  "1126":"fas fa-rss-square",
  "1127":"fas fa-ruble-sign",
  "1128":"fas fa-ruler",
  "1129":"fas fa-ruler-combined",
  "1130":"fas fa-ruler-horizontal",
  "1131":"fas fa-ruler-vertical",
  "1132":"fas fa-running",
  "1133":"fas fa-rupee-sign",
  "1134":"fas fa-sad-cry",
  "1135":"far fa-sad-cry",
  "1136":"fas fa-sad-tear",
  "1137":"far fa-sad-tear",
  "1138":"fab fa-safari",
  "1139":"fab fa-salesforce",
  "1140":"fab fa-sass",
  "1141":"fas fa-satellite",
  "1142":"fas fa-satellite-dish",
  "1143":"fas fa-save",
  "1144":"far fa-save",
  "1145":"fab fa-schlix",
  "1146":"fas fa-school",
  "1147":"fas fa-screwdriver",
  "1148":"fab fa-scribd",
  "1149":"fas fa-scroll",
  "1150":"fas fa-sd-card",
  "1151":"fas fa-search",
  "1152":"fas fa-search-dollar",
  "1153":"fas fa-search-location",
  "1154":"fas fa-search-minus",
  "1155":"fas fa-search-plus",
  "1156":"fab fa-searchengin",
  "1157":"fas fa-seedling",
  "1158":"fab fa-sellcast",
  "1159":"fab fa-sellsy",
  "1160":"fas fa-server",
  "1161":"fab fa-servicestack",
  "1162":"fas fa-shapes",
  "1163":"fas fa-share",
  "1164":"fas fa-share-alt",
  "1165":"fas fa-share-alt-square",
  "1166":"fas fa-share-square",
  "1167":"far fa-share-square",
  "1168":"fas fa-shekel-sign",
  "1169":"fas fa-shield-alt",
  "1170":"fas fa-ship",
  "1171":"fas fa-shipping-fast",
  "1172":"fab fa-shirtsinbulk",
  "1173":"fas fa-shoe-prints",
  "1174":"fas fa-shopping-bag",
  "1175":"fas fa-shopping-basket",
  "1176":"fas fa-shopping-cart",
  "1177":"fab fa-shopware",
  "1178":"fas fa-shower",
  "1179":"fas fa-shuttle-van",
  "1180":"fas fa-sign",
  "1181":"fas fa-sign-in-alt",
  "1182":"fas fa-sign-language",
  "1183":"fas fa-sign-out-alt",
  "1184":"fas fa-signal",
  "1185":"fas fa-signature",
  "1186":"fas fa-sim-card",
  "1187":"fab fa-simplybuilt",
  "1188":"fab fa-sistrix",
  "1189":"fas fa-sitemap",
  "1190":"fab fa-sith",
  "1191":"fas fa-skating",
  "1192":"fab fa-sketch",
  "1193":"fas fa-skiing",
  "1194":"fas fa-skiing-nordic",
  "1195":"fas fa-skull",
  "1196":"fas fa-skull-crossbones",
  "1197":"fab fa-skyatlas",
  "1198":"fab fa-skype",
  "1199":"fab fa-slack",
  "1200":"fab fa-slack-hash",
  "1201":"fas fa-slash",
  "1202":"fas fa-sleigh",
  "1203":"fas fa-sliders-h",
  "1204":"fab fa-slideshare",
  "1205":"fas fa-smile",
  "1206":"far fa-smile",
  "1207":"fas fa-smile-beam",
  "1208":"far fa-smile-beam",
  "1209":"fas fa-smile-wink",
  "1210":"far fa-smile-wink",
  "1211":"fas fa-smog",
  "1212":"fas fa-smoking",
  "1213":"fas fa-smoking-ban",
  "1214":"fas fa-sms",
  "1215":"fab fa-snapchat",
  "1216":"fab fa-snapchat-ghost",
  "1217":"fab fa-snapchat-square",
  "1218":"fas fa-snowboarding",
  "1219":"fas fa-snowflake",
  "1220":"far fa-snowflake",
  "1221":"fas fa-snowman",
  "1222":"fas fa-snowplow",
  "1223":"fas fa-socks",
  "1224":"fas fa-solar-panel",
  "1225":"fas fa-sort",
  "1226":"fas fa-sort-alpha-down",
  "1227":"fas fa-sort-alpha-down-alt",
  "1228":"fas fa-sort-alpha-up",
  "1229":"fas fa-sort-alpha-up-alt",
  "1230":"fas fa-sort-amount-down",
  "1231":"fas fa-sort-amount-down-alt",
  "1232":"fas fa-sort-amount-up",
  "1233":"fas fa-sort-amount-up-alt",
  "1234":"fas fa-sort-down",
  "1235":"fas fa-sort-numeric-down",
  "1236":"fas fa-sort-numeric-down-alt",
  "1237":"fas fa-sort-numeric-up",
  "1238":"fas fa-sort-numeric-up-alt",
  "1239":"fas fa-sort-up",
  "1240":"fab fa-soundcloud",
  "1241":"fab fa-sourcetree",
  "1242":"fas fa-spa",
  "1243":"fas fa-space-shuttle",
  "1244":"fab fa-speakap",
  "1245":"fab fa-speaker-deck",
  "1246":"fas fa-spell-check",
  "1247":"fas fa-spider",
  "1248":"fas fa-spinner",
  "1249":"fas fa-splotch",
  "1250":"fab fa-spotify",
  "1251":"fas fa-spray-can",
  "1252":"fas fa-square",
  "1253":"far fa-square",
  "1254":"fas fa-square-full",
  "1255":"fas fa-square-root-alt",
  "1256":"fab fa-squarespace",
  "1257":"fab fa-stack-exchange",
  "1258":"fab fa-stack-overflow",
  "1259":"fab fa-stackpath",
  "1260":"fas fa-stamp",
  "1261":"fas fa-star",
  "1262":"far fa-star",
  "1263":"fas fa-star-and-crescent",
  "1264":"fas fa-star-half",
  "1265":"far fa-star-half",
  "1266":"fas fa-star-half-alt",
  "1267":"fas fa-star-of-david",
  "1268":"fas fa-star-of-life",
  "1269":"fab fa-staylinked",
  "1270":"fab fa-steam",
  "1271":"fab fa-steam-square",
  "1272":"fab fa-steam-symbol",
  "1273":"fas fa-step-backward",
  "1274":"fas fa-step-forward",
  "1275":"fas fa-stethoscope",
  "1276":"fab fa-sticker-mule",
  "1277":"fas fa-sticky-note",
  "1278":"far fa-sticky-note",
  "1279":"fas fa-stop",
  "1280":"fas fa-stop-circle",
  "1281":"far fa-stop-circle",
  "1282":"fas fa-stopwatch",
  "1283":"fas fa-store",
  "1284":"fas fa-store-alt",
  "1285":"fab fa-strava",
  "1286":"fas fa-stream",
  "1287":"fas fa-street-view",
  "1288":"fas fa-strikethrough",
  "1289":"fab fa-stripe",
  "1290":"fab fa-stripe-s",
  "1291":"fas fa-stroopwafel",
  "1292":"fab fa-studiovinari",
  "1293":"fab fa-stumbleupon",
  "1294":"fab fa-stumbleupon-circle",
  "1295":"fas fa-subscript",
  "1296":"fas fa-subway",
  "1297":"fas fa-suitcase",
  "1298":"fas fa-suitcase-rolling",
  "1299":"fas fa-sun",
  "1300":"far fa-sun",
  "1301":"fab fa-superpowers",
  "1302":"fas fa-superscript",
  "1303":"fab fa-supple",
  "1304":"fas fa-surprise",
  "1305":"far fa-surprise",
  "1306":"fab fa-suse",
  "1307":"fas fa-swatchbook",
  "1308":"fab fa-swift",
  "1309":"fas fa-swimmer",
  "1310":"fas fa-swimming-pool",
  "1311":"fab fa-symfony",
  "1312":"fas fa-synagogue",
  "1313":"fas fa-sync",
  "1314":"fas fa-sync-alt",
  "1315":"fas fa-syringe",
  "1316":"fas fa-table",
  "1317":"fas fa-table-tennis",
  "1318":"fas fa-tablet",
  "1319":"fas fa-tablet-alt",
  "1320":"fas fa-tablets",
  "1321":"fas fa-tachometer-alt",
  "1322":"fas fa-tag",
  "1323":"fas fa-tags",
  "1324":"fas fa-tape",
  "1325":"fas fa-tasks",
  "1326":"fas fa-taxi",
  "1327":"fab fa-teamspeak",
  "1328":"fas fa-teeth",
  "1329":"fas fa-teeth-open",
  "1330":"fab fa-telegram",
  "1331":"fab fa-telegram-plane",
  "1332":"fas fa-temperature-high",
  "1333":"fas fa-temperature-low",
  "1334":"fab fa-tencent-weibo",
  "1335":"fas fa-tenge",
  "1336":"fas fa-terminal",
  "1337":"fas fa-text-height",
  "1338":"fas fa-text-width",
  "1339":"fas fa-th",
  "1340":"fas fa-th-large",
  "1341":"fas fa-th-list",
  "1342":"fab fa-the-red-yeti",
  "1343":"fas fa-theater-masks",
  "1344":"fab fa-themeco",
  "1345":"fab fa-themeisle",
  "1346":"fas fa-thermometer",
  "1347":"fas fa-thermometer-empty",
  "1348":"fas fa-thermometer-full",
  "1349":"fas fa-thermometer-half",
  "1350":"fas fa-thermometer-quarter",
  "1351":"fas fa-thermometer-three-quarters",
  "1352":"fab fa-think-peaks",
  "1353":"fas fa-thumbs-down",
  "1354":"far fa-thumbs-down",
  "1355":"fas fa-thumbs-up",
  "1356":"far fa-thumbs-up",
  "1357":"fas fa-thumbtack",
  "1358":"fas fa-ticket-alt",
  "1359":"fas fa-times",
  "1360":"fas fa-times-circle",
  "1361":"far fa-times-circle",
  "1362":"fas fa-tint",
  "1363":"fas fa-tint-slash",
  "1364":"fas fa-tired",
  "1365":"far fa-tired",
  "1366":"fas fa-toggle-off",
  "1367":"fas fa-toggle-on",
  "1368":"fas fa-toilet",
  "1369":"fas fa-toilet-paper",
  "1370":"fas fa-toolbox",
  "1371":"fas fa-tools",
  "1372":"fas fa-tooth",
  "1373":"fas fa-torah",
  "1374":"fas fa-torii-gate",
  "1375":"fas fa-tractor",
  "1376":"fab fa-trade-federation",
  "1377":"fas fa-trademark",
  "1378":"fas fa-traffic-light",
  "1379":"fas fa-train",
  "1380":"fas fa-tram",
  "1381":"fas fa-transgender",
  "1382":"fas fa-transgender-alt",
  "1383":"fas fa-trash",
  "1384":"fas fa-trash-alt",
  "1385":"far fa-trash-alt",
  "1386":"fas fa-trash-restore",
  "1387":"fas fa-trash-restore-alt",
  "1388":"fas fa-tree",
  "1389":"fab fa-trello",
  "1390":"fab fa-tripadvisor",
  "1391":"fas fa-trophy",
  "1392":"fas fa-truck",
  "1393":"fas fa-truck-loading",
  "1394":"fas fa-truck-monster",
  "1395":"fas fa-truck-moving",
  "1396":"fas fa-truck-pickup",
  "1397":"fas fa-tshirt",
  "1398":"fas fa-tty",
  "1399":"fab fa-tumblr",
  "1400":"fab fa-tumblr-square",
  "1401":"fas fa-tv",
  "1402":"fab fa-twitch",
  "1403":"fab fa-twitter",
  "1404":"fab fa-twitter-square",
  "1405":"fab fa-typo3",
  "1406":"fab fa-uber",
  "1407":"fab fa-ubuntu",
  "1408":"fab fa-uikit",
  "1409":"fab fa-umbraco",
  "1410":"fas fa-umbrella",
  "1411":"fas fa-umbrella-beach",
  "1412":"fas fa-underline",
  "1413":"fas fa-undo",
  "1414":"fas fa-undo-alt",
  "1415":"fab fa-uniregistry",
  "1416":"fas fa-universal-access",
  "1417":"fas fa-university",
  "1418":"fas fa-unlink",
  "1419":"fas fa-unlock",
  "1420":"fas fa-unlock-alt",
  "1421":"fab fa-untappd",
  "1422":"fas fa-upload",
  "1423":"fab fa-ups",
  "1424":"fab fa-usb",
  "1425":"fas fa-user",
  "1426":"far fa-user",
  "1427":"fas fa-user-alt",
  "1428":"fas fa-user-alt-slash",
  "1429":"fas fa-user-astronaut",
  "1430":"fas fa-user-check",
  "1431":"fas fa-user-circle",
  "1432":"far fa-user-circle",
  "1433":"fas fa-user-clock",
  "1434":"fas fa-user-cog",
  "1435":"fas fa-user-edit",
  "1436":"fas fa-user-friends",
  "1437":"fas fa-user-graduate",
  "1438":"fas fa-user-injured",
  "1439":"fas fa-user-lock",
  "1440":"fas fa-user-md",
  "1441":"fas fa-user-minus",
  "1442":"fas fa-user-ninja",
  "1443":"fas fa-user-nurse",
  "1444":"fas fa-user-plus",
  "1445":"fas fa-user-secret",
  "1446":"fas fa-user-shield",
  "1447":"fas fa-user-slash",
  "1448":"fas fa-user-tag",
  "1449":"fas fa-user-tie",
  "1450":"fas fa-user-times",
  "1451":"fas fa-users",
  "1452":"fas fa-users-cog",
  "1453":"fab fa-usps",
  "1454":"fab fa-ussunnah",
  "1455":"fas fa-utensil-spoon",
  "1456":"fas fa-utensils",
  "1457":"fab fa-vaadin",
  "1458":"fas fa-vector-square",
  "1459":"fas fa-venus",
  "1460":"fas fa-venus-double",
  "1461":"fas fa-venus-mars",
  "1462":"fab fa-viacoin",
  "1463":"fab fa-viadeo",
  "1464":"fab fa-viadeo-square",
  "1465":"fas fa-vial",
  "1466":"fas fa-vials",
  "1467":"fab fa-viber",
  "1468":"fas fa-video",
  "1469":"fas fa-video-slash",
  "1470":"fas fa-vihara",
  "1471":"fab fa-vimeo",
  "1472":"fab fa-vimeo-square",
  "1473":"fab fa-vimeo-v",
  "1474":"fab fa-vine",
  "1475":"fab fa-vk",
  "1476":"fab fa-vnv",
  "1477":"fas fa-voicemail",
  "1478":"fas fa-volleyball-ball",
  "1479":"fas fa-volume-down",
  "1480":"fas fa-volume-mute",
  "1481":"fas fa-volume-off",
  "1482":"fas fa-volume-up",
  "1483":"fas fa-vote-yea",
  "1484":"fas fa-vr-cardboard",
  "1485":"fab fa-vuejs",
  "1486":"fas fa-walking",
  "1487":"fas fa-wallet",
  "1488":"fas fa-warehouse",
  "1489":"fas fa-water",
  "1490":"fas fa-wave-square",
  "1491":"fab fa-waze",
  "1492":"fab fa-weebly",
  "1493":"fab fa-weibo",
  "1494":"fas fa-weight",
  "1495":"fas fa-weight-hanging",
  "1496":"fab fa-weixin",
  "1497":"fab fa-whatsapp",
  "1498":"fab fa-whatsapp-square",
  "1499":"fas fa-wheelchair",
  "1500":"fab fa-whmcs",
  "1501":"fas fa-wifi",
  "1502":"fab fa-wikipedia-w",
  "1503":"fas fa-wind",
  "1504":"fas fa-window-close",
  "1505":"far fa-window-close",
  "1506":"fas fa-window-maximize",
  "1507":"far fa-window-maximize",
  "1508":"fas fa-window-minimize",
  "1509":"far fa-window-minimize",
  "1510":"fas fa-window-restore",
  "1511":"far fa-window-restore",
  "1512":"fab fa-windows",
  "1513":"fas fa-wine-bottle",
  "1514":"fas fa-wine-glass",
  "1515":"fas fa-wine-glass-alt",
  "1516":"fab fa-wix",
  "1517":"fab fa-wizards-of-the-coast",
  "1518":"fab fa-wolf-pack-battalion",
  "1519":"fas fa-won-sign",
  "1520":"fab fa-wordpress",
  "1521":"fab fa-wordpress-simple",
  "1522":"fab fa-wpbeginner",
  "1523":"fab fa-wpexplorer",
  "1524":"fab fa-wpforms",
  "1525":"fab fa-wpressr",
  "1526":"fas fa-wrench",
  "1527":"fas fa-x-ray",
  "1528":"fab fa-xbox",
  "1529":"fab fa-xing",
  "1530":"fab fa-xing-square",
  "1531":"fab fa-y-combinator",
  "1532":"fab fa-yahoo",
  "1533":"fab fa-yammer",
  "1534":"fab fa-yandex",
  "1535":"fab fa-yandex-international",
  "1536":"fab fa-yarn",
  "1537":"fab fa-yelp",
  "1538":"fas fa-yen-sign",
  "1539":"fas fa-yin-yang",
  "1540":"fab fa-yoast",
  "1541":"fab fa-youtube",
  "1542":"fab fa-youtube-square",
  "1543":"fab fa-zhihu"
}